[
 {
  "pk": 2, 
  "model": "auth.user", 
  "fields": {
   "username": "bob", 
   "first_name": "Robert", 
   "last_name": "Translator", 
   "is_active": true, 
   "is_superuser": false, 
   "is_staff": false, 
   "last_login": "2011-02-17 22:15:33", 
   "groups": [], 
   "user_permissions": [], 
   "password": "!", 
   "email": "bob@example.org", 
   "date_joined": "2011-02-17 22:15:33"
  }
 }, 
 {
  "pk": 3, 
  "model": "auth.user", 
  "fields": {
   "username": "coord", 
   "first_name": "John", 
   "last_name": "Coordinator", 
   "is_active": true, 
   "is_superuser": false, 
   "is_staff": false, 
   "last_login": "2011-02-17 22:15:33", 
   "groups": [], 
   "user_permissions": [], 
   "password": "!", 
   "email": "coord@example.org", 
   "date_joined": "2011-02-17 22:15:33"
  }
 }, 
 {
  "pk": 4, 
  "model": "auth.user", 
  "fields": {
   "username": "alessio", 
   "first_name": "Alessio", 
   "last_name": "Reviewer", 
   "is_active": true, 
   "is_superuser": false, 
   "is_staff": false, 
   "last_login": "2011-02-17 22:15:33", 
   "groups": [], 
   "user_permissions": [], 
   "password": "!", 
   "email": "alessio@example.org", 
   "date_joined": "2011-02-17 22:15:33"
  }
 }, 
 {
  "pk": 4, 
  "model": "people.person", 
  "fields": {
   "bugzilla_account": null, 
   "groups": [], 
   "image": null, 
   "activation_key": null, 
   "irc_nick": null, 
   "svn_account": null, 
   "webpage_url": null, 
   "user_permissions": []
  }
 }, 
 {
  "pk": 2, 
  "model": "people.person", 
  "fields": {
   "bugzilla_account": null, 
   "groups": [], 
   "image": null, 
   "activation_key": null, 
   "irc_nick": "bobby", 
   "svn_account": "bob1", 
   "webpage_url": null, 
   "user_permissions": []
  }
 }, 
 {
  "pk": 3, 
  "model": "people.person", 
  "fields": {
   "bugzilla_account": null, 
   "groups": [], 
   "image": null, 
   "activation_key": null, 
   "irc_nick": null, 
   "svn_account": "coord_fr", 
   "webpage_url": null, 
   "user_permissions": []
  }
 }, 
 {
  "pk": 1, 
  "model": "languages.language", 
  "fields": {
   "locale": "en", 
   "plurals": "nplurals=2; plural=(n != 1)", 
   "name": "en", 
   "team": null
  }
 }, 
 {
  "pk": 2, 
  "model": "languages.language", 
  "fields": {
   "locale": "fr", 
   "plurals": "nplurals=2; plural=(n > 1)", 
   "name": "French", 
   "team": 1
  }
 }, 
 {
  "pk": 3, 
  "model": "languages.language", 
  "fields": {
   "locale": "it", 
   "plurals": "nplurals=2; plural=(n != 1)", 
   "name": "Italian", 
   "team": 2
  }
 }, 
 {
  "pk": 1, 
  "model": "teams.team", 
  "fields": {
   "mailing_list_subscribe": "http://www.traduc.org/mailman/listinfo/gnomefr", 
   "name": "fr", 
   "webpage_url": "http://gnomefr.traduc.org/", 
   "use_workflow": true, 
   "presentation": "Here can come any custom description for a team", 
   "mailing_list": "gnomefr@traduc.org", 
   "description": "French"
  }
 }, 
 {
  "pk": 2, 
  "model": "teams.team", 
  "fields": {
   "mailing_list_subscribe": null, 
   "name": "it", 
   "webpage_url": "http://www.it.gnome.org/", 
   "use_workflow": true, 
   "presentation": "", 
   "mailing_list": null, 
   "description": "Italian"
  }
 }, 
 {
  "pk": 1, 
  "model": "teams.role", 
  "fields": {
   "is_active": true, 
   "person": 2, 
   "role": "translator", 
   "team": 1
  }
 }, 
 {
  "pk": 2, 
  "model": "teams.role", 
  "fields": {
   "is_active": true, 
   "person": 3, 
   "role": "coordinator", 
   "team": 1
  }
 }, 
 {
  "pk": 3, 
  "model": "teams.role", 
  "fields": {
   "is_active": true, 
   "person": 4, 
   "role": "reviewer", 
   "team": 2
  }
 }, 
 {
  "pk": 1, 
  "model": "stats.module", 
  "fields": {
   "comment": null, 
   "vcs_web": "http://git.gnome.org/browse/gnome-hello/", 
   "name": "gnome-hello", 
   "vcs_root": "git://git.gnome.org/gnome-hello", 
   "bugs_product": "gnome-hello", 
   "maintainers": [], 
   "bugs_component": "test", 
   "bugs_base": "http://bugzilla.gnome.org", 
   "vcs_type": "git", 
   "homepage": null, 
   "description": null
  }
 }, 
 {
  "pk": 3, 
  "model": "stats.module", 
  "fields": {
   "comment": "This is not a GNOME-specific module. Please submit your translation through the <a href=\"http://www.transifex.net/projects/p/shared-mime-info/c/default/\">Transifex platform</a>.", 
   "vcs_web": "http://cgit.freedesktop.org/xdg/shared-mime-info/", 
   "name": "shared-mime-info", 
   "vcs_root": "git://anongit.freedesktop.org/xdg/shared-mime-info", 
   "bugs_product": "shared-mime-info", 
   "maintainers": [], 
   "bugs_component": "general", 
   "bugs_base": "https://bugs.freedesktop.org/", 
   "vcs_type": "git", 
   "homepage": null, 
   "description": "Shared MIME Info"
  }
 }, 
 {
  "pk": 2, 
  "model": "stats.module", 
  "fields": {
   "comment": null, 
   "vcs_web": "http://git.gnome.org/browse/zenity/", 
   "name": "zenity", 
   "vcs_root": "git://git.gnome.org/zenity", 
   "bugs_product": "zenity", 
   "maintainers": [], 
   "bugs_component": "general", 
   "bugs_base": "http://bugzilla.gnome.org", 
   "vcs_type": "git", 
   "homepage": null, 
   "description": null
  }
 }, 
 {
  "pk": 2, 
  "model": "stats.branch", 
  "fields": {
   "vcs_subpath": null, 
   "file_hashes": "", 
   "weight": 0, 
   "name": "gnome-2-30", 
   "module": 2
  }
 }, 
 {
  "pk": 1, 
  "model": "stats.branch", 
  "fields": {
   "vcs_subpath": null, 
   "file_hashes": "", 
   "weight": 0, 
   "name": "master", 
   "module": 1
  }
 }, 
 {
  "pk": 3, 
  "model": "stats.branch", 
  "fields": {
   "vcs_subpath": null, 
   "file_hashes": "", 
   "weight": 0, 
   "name": "master", 
   "module": 2
  }
 }, 
 {
  "pk": 4, 
  "model": "stats.branch", 
  "fields": {
   "vcs_subpath": null, 
   "file_hashes": "", 
   "weight": 0, 
   "name": "master", 
   "module": 3
  }
 }, 
 {
  "pk": 1, 
  "model": "stats.domain", 
  "fields": {
   "name": "po", 
   "dtype": "ui", 
   "pot_method": null, 
   "module": 1, 
   "linguas_location": null, 
   "directory": "po", 
   "description": "UI Translations"
  }
 }, 
 {
  "pk": 3, 
  "model": "stats.domain", 
  "fields": {
   "name": "po", 
   "dtype": "ui", 
   "pot_method": null, 
   "module": 2, 
   "linguas_location": null, 
   "directory": "po", 
   "description": "UI Translations"
  }
 }, 
 {
  "pk": 5, 
  "model": "stats.domain", 
  "fields": {
   "name": "po", 
   "dtype": "ui", 
   "pot_method": null, 
   "module": 3, 
   "linguas_location": null, 
   "directory": "po", 
   "description": "UI Translations"
  }
 }, 
 {
  "pk": 2, 
  "model": "stats.domain", 
  "fields": {
   "name": "help", 
   "dtype": "doc", 
   "pot_method": null, 
   "module": 1, 
   "linguas_location": null, 
   "directory": "help", 
   "description": "User Guide"
  }
 }, 
 {
  "pk": 4, 
  "model": "stats.domain", 
  "fields": {
   "name": "help", 
   "dtype": "doc", 
   "pot_method": null, 
   "module": 2, 
   "linguas_location": null, 
   "directory": "help", 
   "description": "User Guide"
  }
 }, 
 {
  "pk": 6, 
  "model": "stats.domain", 
  "fields": {
   "name": "help", 
   "dtype": "doc", 
   "pot_method": null, 
   "module": 3, 
   "linguas_location": null, 
   "directory": "help", 
   "description": "User Guide"
  }
 }, 
 {
  "pk": 2, 
  "model": "stats.release", 
  "fields": {
   "status": "official", 
   "string_frozen": false, 
   "name": "gnome-dev", 
   "weight": 0, 
   "description": "GNOME in Development"
  }
 }, 
 {
  "pk": 1, 
  "model": "stats.release", 
  "fields": {
   "status": "official", 
   "string_frozen": true, 
   "name": "gnome-2-30", 
   "weight": 0, 
   "description": "GNOME 2.30 (stable)"
  }
 }, 
 {
  "pk": 3, 
  "model": "stats.release", 
  "fields": {
   "status": "xternal", 
   "string_frozen": false, 
   "name": "freedesktop-org", 
   "weight": 0, 
   "description": "freedesktop.org (non-GNOME)"
  }
 }, 
 {
  "pk": 1, 
  "model": "stats.category", 
  "fields": {
   "release": 1, 
   "name": "desktop", 
   "branch": 1
  }
 }, 
 {
  "pk": 2, 
  "model": "stats.category", 
  "fields": {
   "release": 2, 
   "name": "desktop", 
   "branch": 1
  }
 }, 
 {
  "pk": 3, 
  "model": "stats.category", 
  "fields": {
   "release": 1, 
   "name": "desktop", 
   "branch": 2
  }
 }, 
 {
  "pk": 4, 
  "model": "stats.category", 
  "fields": {
   "release": 3, 
   "name": "desktop", 
   "branch": 4
  }
 }, 
 {
  "pk": 1, 
  "model": "stats.statistics", 
  "fields": {
   "domain": 1, 
   "language": null, 
   "num_figures": 0, 
   "untranslated": 47, 
   "translated": 0, 
   "branch": 1, 
   "date": "2011-02-17 22:15:33", 
   "fuzzy": 0
  }
 }, 
 {
  "pk": 2, 
  "model": "stats.statistics", 
  "fields": {
   "domain": 1, 
   "language": 2, 
   "num_figures": 0, 
   "untranslated": 0, 
   "translated": 47, 
   "branch": 1, 
   "date": "2011-02-17 22:15:33", 
   "fuzzy": 0
  }
 }, 
 {
  "pk": 3, 
  "model": "stats.statistics", 
  "fields": {
   "domain": 1, 
   "language": 3, 
   "num_figures": 0, 
   "untranslated": 7, 
   "translated": 30, 
   "branch": 1, 
   "date": "2011-02-17 22:15:33", 
   "fuzzy": 10
  }
 }, 
 {
  "pk": 4, 
  "model": "stats.statistics", 
  "fields": {
   "domain": 2, 
   "language": null, 
   "num_figures": 1, 
   "untranslated": 20, 
   "translated": 0, 
   "branch": 1, 
   "date": "2011-02-17 22:15:33", 
   "fuzzy": 0
  }
 }, 
 {
  "pk": 5, 
  "model": "stats.statistics", 
  "fields": {
   "domain": 2, 
   "language": 2, 
   "num_figures": 0, 
   "untranslated": 0, 
   "translated": 20, 
   "branch": 1, 
   "date": "2011-02-17 22:15:33", 
   "fuzzy": 0
  }
 }, 
 {
  "pk": 6, 
  "model": "stats.statistics", 
  "fields": {
   "domain": 2, 
   "language": 3, 
   "num_figures": 0, 
   "untranslated": 0, 
   "translated": 20, 
   "branch": 1, 
   "date": "2011-02-17 22:15:33", 
   "fuzzy": 0
  }
 }, 
 {
  "pk": 7, 
  "model": "stats.statistics", 
  "fields": {
   "domain": 3, 
   "language": null, 
   "num_figures": 0, 
   "untranslated": 136, 
   "translated": 0, 
   "branch": 2, 
   "date": "2011-02-17 22:15:33", 
   "fuzzy": 0
  }
 }, 
 {
  "pk": 8, 
  "model": "stats.statistics", 
  "fields": {
   "domain": 3, 
   "language": 2, 
   "num_figures": 0, 
   "untranslated": 0, 
   "translated": 136, 
   "branch": 2, 
   "date": "2011-02-17 22:15:33", 
   "fuzzy": 0
  }
 }, 
 {
  "pk": 9, 
  "model": "stats.statistics", 
  "fields": {
   "domain": 3, 
   "language": 3, 
   "num_figures": 0, 
   "untranslated": 6, 
   "translated": 130, 
   "branch": 2, 
   "date": "2011-02-17 22:15:33", 
   "fuzzy": 0
  }
 }, 
 {
  "pk": 10, 
  "model": "stats.statistics", 
  "fields": {
   "domain": 4, 
   "language": null, 
   "num_figures": 11, 
   "untranslated": 259, 
   "translated": 0, 
   "branch": 2, 
   "date": "2011-02-17 22:15:33", 
   "fuzzy": 0
  }
 }, 
 {
  "pk": 11, 
  "model": "stats.statistics", 
  "fields": {
   "domain": 4, 
   "language": 2, 
   "num_figures": 0, 
   "untranslated": 259, 
   "translated": 0, 
   "branch": 2, 
   "date": "2011-02-17 22:15:33", 
   "fuzzy": 0
  }
 }, 
 {
  "pk": 12, 
  "model": "stats.statistics", 
  "fields": {
   "domain": 4, 
   "language": 3, 
   "num_figures": 0, 
   "untranslated": 0, 
   "translated": 259, 
   "branch": 2, 
   "date": "2011-02-17 22:15:33", 
   "fuzzy": 0
  }
 }, 
 {
  "pk": 13, 
  "model": "stats.statistics", 
  "fields": {
   "domain": 3, 
   "language": null, 
   "num_figures": 0, 
   "untranslated": 149, 
   "translated": 0, 
   "branch": 3, 
   "date": "2011-02-17 22:15:33", 
   "fuzzy": 0
  }
 }, 
 {
  "pk": 14, 
  "model": "stats.statistics", 
  "fields": {
   "domain": 3, 
   "language": 2, 
   "num_figures": 0, 
   "untranslated": 0, 
   "translated": 255, 
   "branch": 3, 
   "date": "2011-02-17 22:15:33", 
   "fuzzy": 4
  }
 }, 
 {
  "pk": 15, 
  "model": "stats.statistics", 
  "fields": {
   "domain": 3, 
   "language": 3, 
   "num_figures": 0, 
   "untranslated": 0, 
   "translated": 259, 
   "branch": 3, 
   "date": "2011-02-17 22:15:33", 
   "fuzzy": 0
  }
 }, 
 {
  "pk": 16, 
  "model": "stats.statistics", 
  "fields": {
   "domain": 4, 
   "language": null, 
   "num_figures": 11, 
   "untranslated": 259, 
   "translated": 0, 
   "branch": 3, 
   "date": "2011-02-17 22:15:33", 
   "fuzzy": 0
  }
 }, 
 {
  "pk": 17, 
  "model": "stats.statistics", 
  "fields": {
   "domain": 4, 
   "language": 2, 
   "num_figures": 0, 
   "untranslated": 259, 
   "translated": 0, 
   "branch": 3, 
   "date": "2011-02-17 22:15:33", 
   "fuzzy": 0
  }
 }, 
 {
  "pk": 18, 
  "model": "stats.statistics", 
  "fields": {
   "domain": 4, 
   "language": 3, 
   "num_figures": 0, 
   "untranslated": 0, 
   "translated": 259, 
   "branch": 3, 
   "date": "2011-02-17 22:15:33", 
   "fuzzy": 0
  }
 }, 
 {
  "pk": 19, 
  "model": "stats.statistics", 
  "fields": {
   "domain": 5, 
   "language": null, 
   "num_figures": 0, 
   "untranslated": 626, 
   "translated": 0, 
   "branch": 4, 
   "date": "2011-02-17 22:15:33", 
   "fuzzy": 0
  }
 }, 
 {
  "pk": 20, 
  "model": "stats.statistics", 
  "fields": {
   "domain": 5, 
   "language": 2, 
   "num_figures": 0, 
   "untranslated": 2, 
   "translated": 598, 
   "branch": 4, 
   "date": "2011-02-17 22:15:33", 
   "fuzzy": 20
  }
 }, 
 {
  "pk": 21, 
  "model": "stats.statistics", 
  "fields": {
   "domain": 5, 
   "language": 3, 
   "num_figures": 0, 
   "untranslated": 0, 
   "translated": 620, 
   "branch": 4, 
   "date": "2011-02-17 22:15:33", 
   "fuzzy": 6
  }
 }, 
 {
  "pk": 1, 
  "model": "stats.information", 
  "fields": {
   "statistics": 13, 
   "type": "error", 
   "description": "Error regenerating POT file for zenity:\n<pre>intltool-update -g 'zenity' -p\nERROR: xgettext failed to generate PO template file.</pre>"
  }
 }
]